{"cameraMode":{"drawMode":0,"name":"Shaded","section":"Shading Mode"},"sceneLighting":true,"audioPlay":false,"sceneViewState":{"showFog":true,"showMaterialUpdate":true,"showSkybox":true,"showFlares":true,"showImageEffects":true,"showParticleSystems":true},"in2DMode":false,"pivot":{"x":409.5943603515625,"y":351.5374755859375,"z":558.5031127929688},"rotation":{"x":-0.25071194767951968,"y":0.5978179574012756,"z":-0.2040218859910965,"w":-0.7337263822555542},"size":93.6794662475586,"orthographic":false}