{"cameraMode":{"drawMode":0,"name":"Shaded","section":"Shading Mode"},"sceneLighting":true,"audioPlay":false,"sceneViewState":{"showFog":true,"showMaterialUpdate":true,"showSkybox":true,"showFlares":true,"showImageEffects":true,"showParticleSystems":true},"in2DMode":false,"pivot":{"x":3.925039768218994,"y":2.1475911140441896,"z":19.19638442993164},"rotation":{"x":-0.07703831046819687,"y":0.825480580329895,"z":-0.11613280326128006,"w":-0.5470626950263977},"size":7.745106220245361,"orthographic":false}