{"cameraMode":{"drawMode":0,"name":"Shaded","section":"Shading Mode"},"sceneLighting":true,"audioPlay":false,"sceneViewState":{"showFog":true,"showMaterialUpdate":true,"showSkybox":true,"showFlares":true,"showImageEffects":true,"showParticleSystems":true},"in2DMode":false,"pivot":{"x":24.686832427978517,"y":1.232616901397705,"z":9.737175941467286},"rotation":{"x":0.14668038487434388,"y":-0.11398958414793015,"z":0.017010414972901346,"w":0.9824999570846558},"size":5.0812907218933109,"orthographic":true}