{"cameraMode":{"drawMode":0,"name":"Shaded","section":"Shading Mode"},"sceneLighting":true,"audioPlay":false,"sceneViewState":{"showFog":true,"showMaterialUpdate":true,"showSkybox":true,"showFlares":true,"showImageEffects":true,"showParticleSystems":true},"in2DMode":false,"pivot":{"x":27.781639099121095,"y":2.6130995750427248,"z":8.653470993041993},"rotation":{"x":0.04077200964093208,"y":0.8510947823524475,"z":-0.06675491482019425,"w":0.5192330479621887},"size":3.204770803451538,"orthographic":true}