{"cameraMode":{"drawMode":0,"name":"Shaded","section":"Shading Mode"},"sceneLighting":true,"audioPlay":false,"sceneViewState":{"showFog":true,"showMaterialUpdate":true,"showSkybox":true,"showFlares":true,"showImageEffects":true,"showParticleSystems":true},"in2DMode":false,"pivot":{"x":27.781639099121095,"y":2.6130995750427248,"z":8.653470993041993},"rotation":{"x":0.1494114249944687,"y":0.8264395594596863,"z":-0.25862544775009158,"w":0.4773579239845276},"size":3.204770803451538,"orthographic":true}