{"cameraMode":{"drawMode":0,"name":"Shaded","section":"Shading Mode"},"sceneLighting":true,"audioPlay":false,"sceneViewState":{"showFog":true,"showMaterialUpdate":true,"showSkybox":true,"showFlares":true,"showImageEffects":true,"showParticleSystems":true},"in2DMode":false,"pivot":{"x":23.184846878051759,"y":0.8082215189933777,"z":8.71441650390625},"rotation":{"x":0.25626111030578616,"y":-0.6214301586151123,"z":0.22585685551166535,"w":0.7051096558570862},"size":0.4966723918914795,"orthographic":false}