{"cameraMode":{"drawMode":0,"name":"Shaded","section":"Shading Mode"},"sceneLighting":true,"audioPlay":false,"sceneViewState":{"showFog":true,"showMaterialUpdate":true,"showSkybox":true,"showFlares":true,"showImageEffects":true,"showParticleSystems":true},"in2DMode":false,"pivot":{"x":18.738914489746095,"y":1.5986669063568116,"z":14.123141288757325},"rotation":{"x":0.4682595431804657,"y":-0.3096295893192291,"z":0.17949548363685609,"w":0.8078961372375488},"size":5.973574161529541,"orthographic":true}