{"cameraMode":{"drawMode":0,"name":"Shaded","section":"Shading Mode"},"sceneLighting":true,"audioPlay":false,"sceneViewState":{"showFog":true,"showMaterialUpdate":true,"showSkybox":true,"showFlares":true,"showImageEffects":true,"showParticleSystems":true},"in2DMode":false,"pivot":{"x":24.573772430419923,"y":1.5445839166641236,"z":11.121420860290528},"rotation":{"x":0.03224838897585869,"y":0.9641762375831604,"z":-0.2240188866853714,"w":0.13861685991287232},"size":3.113807201385498,"orthographic":true}