{"cameraMode":{"drawMode":0,"name":"Shaded","section":"Shading Mode"},"sceneLighting":true,"audioPlay":false,"sceneViewState":{"showFog":true,"showMaterialUpdate":true,"showSkybox":true,"showFlares":true,"showImageEffects":true,"showParticleSystems":true},"in2DMode":false,"pivot":{"x":18.312030792236329,"y":0.7995401620864868,"z":12.100000381469727},"rotation":{"x":0.11175861209630966,"y":-0.762315571308136,"z":0.1368267685174942,"w":0.6226508617401123},"size":1.270180583000183,"orthographic":false}