{"cameraMode":{"drawMode":0,"name":"Shaded","section":"Shading Mode"},"sceneLighting":true,"audioPlay":false,"sceneViewState":{"showFog":true,"showMaterialUpdate":true,"showSkybox":true,"showFlares":true,"showImageEffects":true,"showParticleSystems":true},"in2DMode":false,"pivot":{"x":24.914628982543947,"y":0.9321455955505371,"z":9.846126556396485},"rotation":{"x":-0.15112975239753724,"y":-0.8417307734489441,"z":0.30192655324935915,"w":-0.4213505685329437},"size":7.581432342529297,"orthographic":false}