{"cameraMode":{"drawMode":0,"name":"Shaded","section":"Shading Mode"},"sceneLighting":true,"audioPlay":false,"sceneViewState":{"showFog":true,"showMaterialUpdate":true,"showSkybox":true,"showFlares":true,"showImageEffects":true,"showParticleSystems":true},"in2DMode":false,"pivot":{"x":24.808799743652345,"y":2.407545566558838,"z":8.954320907592774},"rotation":{"x":0.24927204847335816,"y":-0.7400991320610046,"z":0.5086125135421753,"w":0.36272507905960085},"size":5.094507694244385,"orthographic":true}