{"cameraMode":{"drawMode":0,"name":"Shaded","section":"Shading Mode"},"sceneLighting":true,"audioPlay":false,"sceneViewState":{"showFog":true,"showMaterialUpdate":true,"showSkybox":true,"showFlares":true,"showImageEffects":true,"showParticleSystems":true},"in2DMode":false,"pivot":{"x":20.339950561523439,"y":-0.21205353736877442,"z":12.559301376342774},"rotation":{"x":0.42475974559783938,"y":0.11436672508716583,"z":-0.054198067635297778,"w":0.8964272141456604},"size":8.67895221710205,"orthographic":false}