{"cameraMode":{"drawMode":0,"name":"Shaded","section":"Shading Mode"},"sceneLighting":true,"audioPlay":false,"sceneViewState":{"showFog":true,"showMaterialUpdate":true,"showSkybox":true,"showFlares":true,"showImageEffects":true,"showParticleSystems":true},"in2DMode":false,"pivot":{"x":531.710693359375,"y":80.7255859375,"z":555.096435546875},"rotation":{"x":-0.17918507754802705,"y":0.6530608534812927,"z":-0.16281476616859437,"w":-0.7177199125289917},"size":592.181884765625,"orthographic":false}