{"cameraMode":{"drawMode":0,"name":"Shaded","section":"Shading Mode"},"sceneLighting":true,"audioPlay":false,"sceneViewState":{"showFog":true,"showMaterialUpdate":true,"showSkybox":true,"showFlares":true,"showImageEffects":true,"showParticleSystems":true},"in2DMode":false,"pivot":{"x":113.73908996582031,"y":120.76480865478516,"z":0.0},"rotation":{"x":0.031137194484472276,"y":0.48920929431915285,"z":-0.0174483023583889,"w":0.8715093731880188},"size":232.1072540283203,"orthographic":true}